true_time,time,unsigned_flux,free energy,potential inversion line flux,area,y
2010.05.01_00:12:00_TAI,0.0,1.958395e+21,1.362996e+22,0.000,104.438271,0
2010.05.01_00:24:00_TAI,0.2,2.026080e+21,1.361044e+22,0.000,115.019203,0
2010.05.01_00:36:00_TAI,0.4,2.033101e+21,1.412095e+22,0.000,115.653152,0
2010.05.01_00:48:00_TAI,0.6,2.126112e+21,1.448228e+22,2.098,120.596771,0
2010.05.01_01:00:00_TAI,0.8,2.148988e+21,1.409163e+22,2.101,123.191071,0
2010.05.01_01:12:00_TAI,1.0,2.129119e+21,1.372382e+22,2.257,124.057411,0
2010.05.01_01:24:00_TAI,1.2,2.113567e+21,1.368577e+22,2.402,123.710411,0
2010.05.01_01:36:00_TAI,1.4,2.133536e+21,1.376522e+22,2.409,122.474365,0
2010.05.01_01:48:00_TAI,1.6,2.113227e+21,1.381959e+22,2.423,122.719551,0
2010.05.01_02:00:00_TAI,1.8,2.129255e+21,1.369932e+22,2.420,123.358459,0
2010.05.01_02:12:00_TAI,2.0,2.117875e+21,1.344997e+22,2.595,126.340828,0
2010.05.01_02:24:00_TAI,2.2,2.097199e+21,1.335668e+22,2.602,123.622215,0
2010.05.01_02:36:00_TAI,2.4,2.097819e+21,1.313916e+22,2.603,125.430031,0
2010.05.01_02:48:00_TAI,2.6,2.045689e+21,1.277686e+22,2.514,127.694214,0
2010.05.01_03:00:00_TAI,2.8,2.078951e+21,1.298640e+22,0.000,126.508812,0
2010.05.01_03:12:00_TAI,3.0,2.073735e+21,1.290231e+22,0.000,128.735504,0
2010.05.01_03:24:00_TAI,3.2,2.066109e+21,1.258092e+22,2.432,127.495453,0
2010.05.01_03:36:00_TAI,3.4,2.040479e+21,1.295445e+22,0.000,125.910805,0
2010.05.01_03:48:00_TAI,3.6,2.062848e+21,1.262666e+22,0.000,124.980934,0
2010.05.01_04:00:00_TAI,3.8,2.037684e+21,1.241895e+22,1.711,125.794678,0
2010.05.01_04:12:00_TAI,4.0,2.060321e+21,1.261612e+22,1.698,124.025360,0
2010.05.01_04:24:00_TAI,4.2,2.092962e+21,1.272061e+22,1.702,125.031647,0
2010.05.01_04:36:00_TAI,4.4,2.113841e+21,1.352054e+22,2.023,125.533493,0
2010.05.01_04:48:00_TAI,4.6,2.108934e+21,1.328059e+22,2.513,125.714188,0
2010.05.01_05:00:00_TAI,4.8,2.045478e+21,1.281703e+22,2.525,124.694321,0
2010.05.01_05:12:00_TAI,5.0,2.006616e+21,1.259913e+22,2.429,126.018906,0
2010.05.01_05:24:00_TAI,5.2,1.952382e+21,1.222063e+22,2.423,125.862701,0
2010.05.01_05:36:00_TAI,5.4,1.898273e+21,1.189657e+22,2.419,129.468338,0
2010.05.01_05:48:00_TAI,5.6,1.790512e+21,1.157193e+22,2.407,125.457764,0
2010.05.01_06:24:00_TAI,6.2,1.629776e+21,1.036497e+22,1.942,124.435989,0
2010.05.01_06:36:00_TAI,6.4,1.599998e+21,1.005655e+22,1.941,125.157150,0
2010.05.01_06:48:00_TAI,6.6,1.590423e+21,9.862488e+21,2.226,123.664810,0
2010.05.01_07:00:00_TAI,6.8,1.613674e+21,1.001038e+22,2.123,122.862366,0
2010.05.01_07:12:00_TAI,7.0,1.584046e+21,9.985621e+21,2.119,123.911530,0
2010.05.01_07:24:00_TAI,7.2,1.627128e+21,1.044120e+22,2.118,120.683891,0
2010.05.01_07:36:00_TAI,7.4,1.620578e+21,1.000154e+22,2.356,121.891052,0
2010.05.01_07:48:00_TAI,7.6,1.571008e+21,9.781944e+21,2.543,120.565750,0
2010.05.01_08:00:00_TAI,7.8,1.594067e+21,9.915124e+21,2.219,118.350426,0
2010.05.01_08:12:00_TAI,8.0,1.574352e+21,9.578718e+21,2.193,115.062363,0
2010.05.01_08:24:00_TAI,8.2,1.571270e+21,9.520364e+21,2.158,115.786232,0
2010.05.01_08:36:00_TAI,8.4,1.557380e+21,9.605919e+21,2.145,114.461212,0
2010.05.01_08:48:00_TAI,8.6,1.532886e+21,9.654973e+21,2.141,112.915192,0
2010.05.01_09:00:00_TAI,8.8,1.529365e+21,9.481866e+21,0.000,109.394821,0
2010.05.01_09:12:00_TAI,9.0,1.537944e+21,9.365864e+21,0.000,110.371605,0
2010.05.01_09:24:00_TAI,9.2,1.524934e+21,9.267996e+21,0.000,114.302933,0
2010.05.01_09:36:00_TAI,9.4,1.509264e+21,8.968203e+21,0.000,114.154755,0
2010.05.01_09:48:00_TAI,9.6,1.527628e+21,9.143482e+21,0.000,117.780334,0
2010.05.01_10:00:00_TAI,9.8,1.557270e+21,9.351249e+21,0.000,117.308174,0
2010.05.01_10:12:00_TAI,10.0,1.524917e+21,9.000075e+21,0.000,116.816765,0
2010.05.01_10:24:00_TAI,10.2,1.542296e+21,8.899540e+21,0.000,113.275658,0
2010.05.01_10:36:00_TAI,10.4,1.474535e+21,8.730974e+21,0.000,110.588631,0
2010.05.01_10:48:00_TAI,10.6,1.400535e+21,8.068535e+21,0.000,107.353050,0
2010.05.01_11:00:00_TAI,10.8,1.368622e+21,7.968571e+21,0.000,107.827049,0
2010.05.01_11:12:00_TAI,11.0,1.355338e+21,7.853328e+21,0.000,105.648582,0
2010.05.01_11:24:00_TAI,11.2,1.318866e+21,7.721088e+21,0.000,102.968994,0
2010.05.01_11:36:00_TAI,11.4,1.254265e+21,7.217052e+21,0.000,103.770164,0
2010.05.01_11:48:00_TAI,11.6,1.256428e+21,7.144409e+21,0.000,102.580048,0
2010.05.01_12:00:00_TAI,11.8,1.230051e+21,7.219153e+21,0.000,102.988144,0
2010.05.01_12:12:00_TAI,12.0,1.195852e+21,6.958242e+21,0.000,102.208710,0
2010.05.01_12:24:00_TAI,12.2,1.223908e+21,7.095496e+21,1.892,100.763779,0
2010.05.01_12:36:00_TAI,12.4,1.208209e+21,6.930188e+21,1.891,99.677055,0
2010.05.01_12:48:00_TAI,12.6,1.201912e+21,6.922172e+21,2.181,99.851288,0
2010.05.01_13:00:00_TAI,12.8,1.206612e+21,7.178327e+21,2.190,98.944107,0
2010.05.01_13:12:00_TAI,13.0,1.170966e+21,7.192985e+21,2.192,101.134972,0
2010.05.01_13:24:00_TAI,13.2,1.192368e+21,7.012274e+21,2.492,101.389633,0
2010.05.01_13:36:00_TAI,13.4,1.166501e+21,7.183869e+21,2.491,101.204971,0
2010.05.01_13:48:00_TAI,13.6,1.139139e+21,6.861594e+21,2.180,98.175888,0
2010.05.01_14:00:00_TAI,13.8,1.181704e+21,7.134147e+21,2.178,99.321640,0
2010.05.01_14:12:00_TAI,14.0,1.177785e+21,7.196993e+21,1.851,99.590965,0
2010.05.01_14:24:00_TAI,14.2,1.209895e+21,7.212238e+21,1.841,100.111237,0
2010.05.01_14:36:00_TAI,14.4,1.183412e+21,6.970370e+21,1.839,98.943298,0
2010.05.01_14:48:00_TAI,14.6,1.143640e+21,6.657721e+21,2.453,99.789696,0
2010.05.01_15:00:00_TAI,14.8,1.094484e+21,6.572972e+21,2.558,99.044403,0
2010.05.01_15:12:00_TAI,15.0,1.108610e+21,6.618864e+21,2.452,99.373695,0
2010.05.01_15:24:00_TAI,15.2,1.092364e+21,6.374249e+21,0.000,98.830162,0
2010.05.01_15:36:00_TAI,15.4,1.058136e+21,6.288022e+21,2.162,98.133728,0
2010.05.01_15:48:00_TAI,15.6,1.073597e+21,6.452874e+21,0.000,99.563690,0
2010.05.01_16:00:00_TAI,15.8,1.066852e+21,6.957368e+21,2.070,100.483505,0
2010.05.01_16:12:00_TAI,16.0,1.065854e+21,6.565556e+21,2.314,100.906204,0
2010.05.01_16:24:00_TAI,16.2,1.045263e+21,6.420079e+21,2.314,101.394760,0
2010.05.01_16:36:00_TAI,16.4,1.062258e+21,6.373375e+21,2.135,100.583763,0
2010.05.01_16:48:00_TAI,16.6,1.050727e+21,6.203958e+21,2.125,98.967575,0
2010.05.01_17:00:00_TAI,16.8,1.041779e+21,6.351015e+21,2.432,99.883202,0
2010.05.01_17:12:00_TAI,17.0,1.047792e+21,6.346936e+21,2.448,100.522575,0
2010.05.01_17:24:00_TAI,17.2,1.016784e+21,6.014609e+21,2.153,100.513863,0
2010.05.01_17:36:00_TAI,17.4,1.020353e+21,5.877785e+21,2.331,100.253738,0
2010.05.01_17:48:00_TAI,17.6,1.017540e+21,5.808879e+21,2.643,101.276863,0
2010.05.01_18:24:00_TAI,18.2,1.180653e+21,6.282220e+21,2.625,101.213722,0
2010.05.01_18:36:00_TAI,18.4,1.220454e+21,6.522758e+21,2.117,102.441887,0
2010.05.01_18:48:00_TAI,18.6,1.287505e+21,6.675421e+21,2.109,100.185020,0
2010.05.01_19:00:00_TAI,18.8,1.248976e+21,6.414537e+21,1.792,98.266754,0
2010.05.01_20:00:00_TAI,19.8,1.087446e+21,5.469569e+21,2.041,95.824242,0
2010.05.01_20:12:00_TAI,20.0,1.046233e+21,5.399714e+21,2.029,93.153465,0
2010.05.01_20:24:00_TAI,20.2,1.019777e+21,5.297447e+21,2.029,91.851753,0
2010.05.01_20:36:00_TAI,20.4,9.903920e+20,5.068979e+21,2.052,90.169533,0
2010.05.01_20:48:00_TAI,20.6,9.740286e+20,4.932310e+21,0.000,88.266418,0
2010.05.01_21:00:00_TAI,20.8,9.436975e+20,4.957998e+21,0.000,89.458366,0
2010.05.01_21:12:00_TAI,21.0,9.445232e+20,4.942157e+21,0.000,89.379250,0
2010.05.01_21:24:00_TAI,21.2,9.145855e+20,4.865611e+21,0.000,88.548164,0
2010.05.01_21:36:00_TAI,21.4,9.182225e+20,4.474381e+21,0.000,89.069595,0
2010.05.01_21:48:00_TAI,21.6,9.086430e+20,4.510366e+21,0.000,87.318260,0
2010.05.01_22:00:00_TAI,21.8,8.893968e+20,4.499526e+21,0.000,86.799515,0
2010.05.01_22:12:00_TAI,22.0,8.476969e+20,4.355630e+21,0.000,84.624962,0
2010.05.01_22:24:00_TAI,22.2,8.789073e+20,4.415672e+21,0.000,86.882431,0
2010.05.01_22:36:00_TAI,22.4,8.604826e+20,4.282340e+21,0.000,87.542137,0
2010.05.01_22:48:00_TAI,22.6,8.481284e+20,3.993047e+21,0.000,86.584930,0
2010.05.01_23:00:00_TAI,22.8,8.286938e+20,3.985320e+21,0.000,83.258583,0
2010.05.01_23:12:00_TAI,23.0,8.455484e+20,3.982226e+21,0.000,84.553848,0
2010.05.01_23:24:00_TAI,23.2,8.510537e+20,3.976714e+21,0.000,82.758636,0
2010.05.01_23:36:00_TAI,23.4,8.135266e+20,3.781655e+21,0.000,83.063446,0
2010.05.01_23:48:00_TAI,23.6,7.739207e+20,3.596094e+21,0.000,84.971283,0
2010.05.02_00:00:00_TAI,23.8,7.577038e+20,3.451338e+21,0.000,83.513168,0
2010.05.02_00:12:00_TAI,24.0,7.824949e+20,3.445658e+21,0.000,84.506958,0
2010.05.02_00:24:00_TAI,24.2,7.468445e+20,3.351851e+21,0.000,83.358307,0
2010.05.02_00:36:00_TAI,24.4,7.346612e+20,3.355246e+21,2.473,83.718407,0
2010.05.02_00:48:00_TAI,24.6,7.409903e+20,3.358513e+21,0.000,80.241608,0
2010.05.02_01:00:00_TAI,24.8,6.918437e+20,2.982904e+21,0.000,78.131195,0
2010.05.02_01:12:00_TAI,25.0,7.070993e+20,2.939890e+21,0.000,79.676514,0
2010.05.02_01:24:00_TAI,25.2,6.867238e+20,3.112176e+21,0.000,81.268402,0
2010.05.02_01:36:00_TAI,25.4,6.679642e+20,3.035689e+21,0.000,79.962212,0
2010.05.02_01:48:00_TAI,25.6,6.744272e+20,2.968951e+21,0.000,81.725433,0
2010.05.02_02:00:00_TAI,25.8,7.099899e+20,3.041609e+21,0.000,79.483414,0
2010.05.02_02:12:00_TAI,26.0,6.647817e+20,2.808449e+21,1.546,77.395401,0
2010.05.02_02:24:00_TAI,26.2,6.436564e+20,2.853616e+21,1.558,77.213013,0
2010.05.02_02:36:00_TAI,26.4,6.310079e+20,2.712933e+21,1.555,75.720665,0
2010.05.02_02:48:00_TAI,26.6,6.296986e+20,2.777455e+21,2.073,75.028160,0
2010.05.02_03:00:00_TAI,26.8,6.231754e+20,2.748225e+21,2.076,77.448334,0
2010.05.02_03:12:00_TAI,27.0,6.382080e+20,2.733914e+21,2.069,76.732635,0
2010.05.02_03:24:00_TAI,27.2,6.520554e+20,2.804621e+21,2.068,76.466232,0
2010.05.02_03:36:00_TAI,27.4,6.387835e+20,2.874373e+21,0.000,76.485123,0
2010.05.02_03:48:00_TAI,27.6,6.247227e+20,2.602170e+21,2.073,73.301559,0
2010.05.02_04:00:00_TAI,27.8,6.365543e+20,2.598057e+21,2.057,75.679474,0
2010.05.02_04:12:00_TAI,28.0,6.364928e+20,2.526032e+21,0.000,74.086891,0
2010.05.02_04:24:00_TAI,28.2,6.598343e+20,2.614278e+21,0.000,79.810280,0
2010.05.02_04:36:00_TAI,28.4,7.221355e+20,2.971122e+21,2.263,80.243843,0
2010.05.02_04:48:00_TAI,28.6,7.293912e+20,3.050938e+21,1.828,78.673470,0
2010.05.02_05:00:00_TAI,28.8,7.330784e+20,3.007798e+21,1.922,76.767609,0
2010.05.02_05:12:00_TAI,29.0,7.487506e+20,3.033919e+21,1.917,76.379738,0
2010.05.02_05:24:00_TAI,29.2,7.289440e+20,2.908840e+21,0.000,76.833862,0
2010.05.02_05:36:00_TAI,29.4,7.431084e+20,3.064790e+21,0.000,77.621246,0
2010.05.02_05:48:00_TAI,29.6,7.106871e+20,2.900373e+21,0.000,77.534851,0
2010.05.02_06:24:00_TAI,30.2,6.066136e+20,2.337969e+21,0.000,78.272125,0
2010.05.02_06:36:00_TAI,30.4,5.819827e+20,2.240886e+21,1.694,79.513641,0
2010.05.02_06:48:00_TAI,30.6,5.702567e+20,2.226858e+21,0.000,85.133217,0
2010.05.02_07:00:00_TAI,30.8,5.998386e+20,2.356209e+21,0.000,83.317749,0
2010.05.02_07:12:00_TAI,31.0,5.993601e+20,2.469223e+21,0.000,83.117821,0
2010.05.02_07:24:00_TAI,31.2,6.006608e+20,2.327563e+21,0.000,80.914841,0
2010.05.02_07:36:00_TAI,31.4,5.858880e+20,2.432068e+21,0.000,77.567719,0
2010.05.02_07:48:00_TAI,31.6,5.797346e+20,2.356906e+21,0.000,75.824898,0
2010.05.02_08:00:00_TAI,31.8,5.731517e+20,2.350352e+21,0.000,77.420853,0
2010.05.02_08:12:00_TAI,32.0,5.502451e+20,2.144491e+21,0.000,76.762383,0
2010.05.02_08:24:00_TAI,32.2,5.489516e+20,2.008400e+21,0.000,76.401901,0
2010.05.02_08:36:00_TAI,32.4,5.422026e+20,2.017272e+21,0.000,77.417694,0
2010.05.02_08:48:00_TAI,32.6,5.587162e+20,2.015079e+21,0.000,77.916428,0
2010.05.02_09:00:00_TAI,32.8,5.704171e+20,1.986503e+21,0.000,78.711037,0
2010.05.02_09:12:00_TAI,33.0,5.819893e+20,1.941676e+21,0.000,79.007523,0
2010.05.02_09:24:00_TAI,33.2,5.803479e+20,1.839559e+21,0.000,79.471558,0
2010.05.02_09:36:00_TAI,33.4,6.112983e+20,1.987200e+21,0.000,79.594131,0
2010.05.02_09:48:00_TAI,33.6,5.787035e+20,1.803562e+21,0.000,79.597305,0
2010.05.02_10:00:00_TAI,33.8,5.891171e+20,1.911700e+21,0.000,80.257797,0
2010.05.02_10:12:00_TAI,34.0,5.752772e+20,1.878239e+21,0.000,78.298340,0
2010.05.02_10:24:00_TAI,34.2,5.894996e+20,1.963749e+21,0.000,79.437859,0
2010.05.02_10:36:00_TAI,34.4,5.665888e+20,1.819509e+21,0.000,80.484695,0
2010.05.02_10:48:00_TAI,34.6,5.460415e+20,1.754785e+21,0.000,80.513992,0
2010.05.02_11:00:00_TAI,34.8,5.483250e+20,1.672657e+21,0.000,80.803986,0
2010.05.02_11:12:00_TAI,35.0,5.541788e+20,1.713793e+21,0.000,84.112427,0
2010.05.02_11:24:00_TAI,35.2,5.574578e+20,1.758680e+21,0.000,83.607071,0
2010.05.02_11:36:00_TAI,35.4,5.956221e+20,1.928368e+21,0.000,82.767700,0
2010.05.02_11:48:00_TAI,35.6,6.034824e+20,2.027233e+21,0.000,84.842445,0
2010.05.02_12:00:00_TAI,35.8,5.602466e+20,1.781755e+21,0.000,82.495461,0
2010.05.02_12:12:00_TAI,36.0,5.723197e+20,1.861189e+21,0.000,83.963509,0
2010.05.02_12:24:00_TAI,36.2,5.651013e+20,1.857105e+21,0.000,83.614281,0
2010.05.02_12:36:00_TAI,36.4,5.470031e+20,1.761443e+21,0.000,85.782867,0
2010.05.02_12:48:00_TAI,36.6,5.635457e+20,1.844255e+21,0.000,86.213860,0
2010.05.02_13:00:00_TAI,36.8,5.728130e+20,1.897349e+21,0.000,87.294090,0
2010.05.02_13:12:00_TAI,37.0,5.835073e+20,2.075376e+21,0.000,85.769829,0
2010.05.02_13:24:00_TAI,37.2,6.118225e+20,2.017583e+21,0.000,85.218010,0
2010.05.02_13:36:00_TAI,37.4,5.984010e+20,1.896615e+21,0.000,85.327621,0
2010.05.02_13:48:00_TAI,37.6,5.521751e+20,1.679050e+21,0.000,83.528885,0
2010.05.02_14:00:00_TAI,37.8,5.741287e+20,1.842085e+21,0.000,85.425926,0
2010.05.02_14:12:00_TAI,38.0,6.189838e+20,2.028551e+21,1.739,86.768288,0
2010.05.02_14:24:00_TAI,38.2,6.197189e+20,1.991202e+21,1.758,86.103142,0
2010.05.02_14:36:00_TAI,38.4,6.281256e+20,2.074629e+21,1.760,86.253319,0
2010.05.02_14:48:00_TAI,38.6,6.059654e+20,2.092534e+21,1.766,87.466141,0
2010.05.02_15:00:00_TAI,38.8,5.806564e+20,1.943386e+21,1.766,88.700928,0
2010.05.02_15:12:00_TAI,39.0,6.033711e+20,2.069054e+21,1.769,89.985077,0
2010.05.02_15:24:00_TAI,39.2,5.909995e+20,2.032786e+21,1.764,88.429291,0
2010.05.02_15:36:00_TAI,39.4,5.515311e+20,1.856464e+21,0.000,87.757149,0
2010.05.02_15:48:00_TAI,39.6,5.595427e+20,1.920963e+21,1.774,86.890404,0
2010.05.02_16:00:00_TAI,39.8,5.617094e+20,1.908666e+21,0.000,88.766556,0
2010.05.02_16:12:00_TAI,40.0,5.435796e+20,1.885582e+21,0.000,84.988892,0
2010.05.02_16:24:00_TAI,40.2,5.403891e+20,1.841099e+21,1.748,86.851898,0
2010.05.02_16:36:00_TAI,40.4,5.215064e+20,1.787797e+21,0.000,87.206703,0
2010.05.02_16:48:00_TAI,40.6,4.955353e+20,1.701095e+21,0.000,87.410934,0
2010.05.02_17:00:00_TAI,40.8,4.997991e+20,1.599225e+21,1.754,87.043961,0
2010.05.02_17:12:00_TAI,41.0,4.904283e+20,1.601709e+21,2.170,85.029228,0
2010.05.02_17:24:00_TAI,41.2,4.905924e+20,1.557064e+21,0.000,84.719711,0
2010.05.02_18:36:00_TAI,42.4,5.909436e+20,1.896735e+21,1.498,86.263168,0
2010.05.02_18:48:00_TAI,42.6,5.315485e+20,1.762274e+21,0.000,84.649841,0
2010.05.02_19:00:00_TAI,42.8,4.974588e+20,1.662605e+21,0.000,81.982887,0
2010.05.02_19:12:00_TAI,43.0,4.653206e+20,1.486277e+21,0.000,82.989952,0
2010.05.02_19:24:00_TAI,43.2,4.993428e+20,1.572322e+21,1.751,81.997185,0
2010.05.02_19:36:00_TAI,43.4,4.416744e+20,1.364059e+21,1.754,83.476074,0
2010.05.02_19:48:00_TAI,43.6,4.555543e+20,1.414697e+21,1.760,84.807381,0
2010.05.02_20:00:00_TAI,43.8,4.387061e+20,1.403549e+21,1.752,81.133575,0
2010.05.02_20:12:00_TAI,44.0,4.741849e+20,1.517353e+21,1.756,81.358406,0
2010.05.02_20:24:00_TAI,44.2,4.699325e+20,1.518456e+21,0.000,81.532295,0
2010.05.02_20:36:00_TAI,44.4,4.503312e+20,1.385005e+21,0.000,82.792381,0
2010.05.02_20:48:00_TAI,44.6,4.488456e+20,1.350197e+21,0.000,82.946487,0
2010.05.02_21:00:00_TAI,44.8,4.609358e+20,1.353780e+21,0.000,82.903687,0
2010.05.02_21:12:00_TAI,45.0,4.430657e+20,1.339608e+21,0.000,82.614754,0
2010.05.02_21:24:00_TAI,45.2,4.397678e+20,1.324801e+21,0.000,84.775429,0
2010.05.02_21:36:00_TAI,45.4,4.528763e+20,1.484855e+21,1.706,83.331520,0
2010.05.02_21:48:00_TAI,45.6,4.605745e+20,1.402683e+21,1.707,84.719826,0
2010.05.02_22:00:00_TAI,45.8,4.247773e+20,1.188437e+21,1.706,82.217148,0
2010.05.02_22:12:00_TAI,46.0,4.665222e+20,1.301795e+21,1.720,82.149879,0
2010.05.02_22:24:00_TAI,46.2,4.768489e+20,1.233297e+21,1.722,81.101616,0
2010.05.02_22:36:00_TAI,46.4,4.639272e+20,1.131613e+21,1.705,78.306602,0
2010.05.02_22:48:00_TAI,46.6,4.594314e+20,1.124735e+21,1.693,79.397697,0
2010.05.02_23:00:00_TAI,46.8,5.063957e+20,1.342337e+21,1.718,78.136551,0
2010.05.02_23:12:00_TAI,47.0,4.937950e+20,1.243102e+21,1.696,76.432770,0
2010.05.02_23:24:00_TAI,47.2,4.422720e+20,1.260068e+21,0.000,76.930099,0
2010.05.02_23:36:00_TAI,47.4,4.685236e+20,1.239289e+21,0.000,74.856003,0
2010.05.02_23:48:00_TAI,47.6,4.664249e+20,1.230179e+21,0.000,75.816551,0
2010.05.03_00:12:00_TAI,48.0,4.299092e+20,1.087705e+21,0.000,70.948212,0
2010.05.03_00:24:00_TAI,48.2,4.172943e+20,1.022216e+21,0.000,70.246147,0
2010.05.03_00:36:00_TAI,48.4,4.344935e+20,1.065623e+21,0.000,68.373039,0
2010.05.03_00:48:00_TAI,48.6,3.768436e+20,9.766420e+20,0.000,66.726089,0
2010.05.03_01:00:00_TAI,48.8,4.157795e+20,1.190885e+21,0.000,64.824173,0
2010.05.03_01:12:00_TAI,49.0,3.939363e+20,1.085886e+21,0.000,63.888355,0
2010.05.03_01:24:00_TAI,49.2,3.919238e+20,1.012018e+21,0.000,64.255600,0
2010.05.03_01:36:00_TAI,49.4,3.423508e+20,8.858685e+20,0.000,62.101974,0
2010.05.03_01:48:00_TAI,49.6,3.155993e+20,9.364610e+20,0.000,61.584354,0
2010.05.03_02:00:00_TAI,49.8,3.263709e+20,1.011356e+21,0.000,60.118885,0
2010.05.03_02:12:00_TAI,50.0,3.342601e+20,1.032547e+21,0.000,58.244511,0
2010.05.03_02:24:00_TAI,50.2,3.282490e+20,1.003598e+21,0.000,57.481152,0
2010.05.03_02:36:00_TAI,50.4,3.157924e+20,8.956711e+20,0.000,55.859531,0
2010.05.03_02:48:00_TAI,50.6,2.992842e+20,8.607107e+20,0.000,56.008392,0
2010.05.03_03:00:00_TAI,50.8,3.051039e+20,9.351102e+20,0.000,58.160618,0
2010.05.03_03:12:00_TAI,51.0,2.751448e+20,8.968385e+20,0.000,57.916302,0
2010.05.03_03:24:00_TAI,51.2,3.101196e+20,1.026744e+21,0.000,65.272377,0
2010.05.03_03:36:00_TAI,51.4,3.651115e+20,1.173376e+21,0.000,67.069580,0
2010.05.03_03:48:00_TAI,51.6,3.550459e+20,1.119859e+21,0.000,67.743477,0
2010.05.03_04:00:00_TAI,51.8,3.781336e+20,1.174710e+21,0.000,66.531891,0
2010.05.03_04:12:00_TAI,52.0,3.901654e+20,1.216151e+21,0.000,63.912796,0
2010.05.03_04:24:00_TAI,52.2,3.731302e+20,1.193062e+21,0.000,63.968914,0
2010.05.03_04:36:00_TAI,52.4,3.783600e+20,1.239117e+21,0.000,63.647224,0
2010.05.03_04:48:00_TAI,52.6,3.928324e+20,1.318532e+21,0.000,65.194420,0
2010.05.03_05:00:00_TAI,52.8,4.088443e+20,1.394221e+21,0.000,63.939907,0
2010.05.03_05:12:00_TAI,53.0,3.824320e+20,1.303433e+21,0.000,63.390759,0
2010.05.03_05:24:00_TAI,53.2,4.114595e+20,1.531541e+21,0.000,62.582027,0
2010.05.03_05:36:00_TAI,53.4,4.234479e+20,1.699158e+21,0.000,62.089920,0
2010.05.03_05:48:00_TAI,53.6,4.403909e+20,1.629098e+21,0.000,62.645798,0
2010.05.03_06:24:00_TAI,54.2,4.025995e+20,1.316646e+21,0.000,58.255394,0
2010.05.03_06:36:00_TAI,54.4,3.211811e+20,1.029370e+21,0.000,56.887325,0
2010.05.03_06:48:00_TAI,54.6,2.959012e+20,8.570392e+20,0.000,57.394432,0
2010.05.03_07:00:00_TAI,54.8,2.905519e+20,8.942196e+20,0.000,56.485367,0
2010.05.03_07:12:00_TAI,55.0,2.805012e+20,8.437028e+20,0.000,60.307659,0
2010.05.03_07:24:00_TAI,55.2,3.082656e+20,9.179829e+20,0.000,59.658669,0
2010.05.03_07:36:00_TAI,55.4,2.946542e+20,8.280470e+20,0.000,60.021942,0
2010.05.03_07:48:00_TAI,55.6,2.993942e+20,9.418581e+20,0.000,59.796417,0
2010.05.03_08:00:00_TAI,55.8,2.738111e+20,8.580191e+20,0.000,59.760601,0
2010.05.03_08:12:00_TAI,56.0,2.797553e+20,8.757729e+20,0.000,58.355556,0
2010.05.03_08:24:00_TAI,56.2,2.639865e+20,8.202493e+20,0.000,56.194897,0
2010.05.03_08:36:00_TAI,56.4,3.068051e+20,9.842732e+20,0.000,56.379028,0
2010.05.03_08:48:00_TAI,56.6,2.804530e+20,9.258617e+20,0.000,54.826500,0
2010.05.03_09:00:00_TAI,56.8,2.869320e+20,9.334608e+20,0.000,53.857796,0
2010.05.03_09:12:00_TAI,57.0,2.734057e+20,8.961211e+20,0.000,51.882446,0
2010.05.03_09:24:00_TAI,57.2,2.725911e+20,7.990660e+20,0.000,51.143047,0
2010.05.03_09:36:00_TAI,57.4,2.611653e+20,8.082904e+20,0.000,51.980003,0
2010.05.03_09:48:00_TAI,57.6,2.519126e+20,7.199195e+20,0.000,50.392536,0
2010.05.03_10:00:00_TAI,57.8,2.348723e+20,5.911201e+20,0.000,48.692768,0
2010.05.03_10:12:00_TAI,58.0,2.185081e+20,5.657114e+20,0.000,48.694206,0
2010.05.03_10:24:00_TAI,58.2,2.209772e+20,5.322411e+20,0.000,47.204147,0
2010.05.03_10:36:00_TAI,58.4,1.981000e+20,4.799324e+20,0.000,45.655514,0
2010.05.03_10:48:00_TAI,58.6,2.139528e+20,5.237254e+20,0.000,44.999882,0
2010.05.03_11:00:00_TAI,58.8,2.186386e+20,5.716223e+20,0.000,45.720783,0
2010.05.03_11:12:00_TAI,59.0,2.050196e+20,5.627584e+20,0.000,44.551506,0
2010.05.03_11:24:00_TAI,59.2,2.055575e+20,5.602021e+20,0.000,42.824352,0
2010.05.03_11:36:00_TAI,59.4,2.065035e+20,5.414419e+20,0.000,41.572826,0
2010.05.03_11:48:00_TAI,59.6,2.129209e+20,5.324942e+20,0.000,40.737045,0
2010.05.03_12:12:00_TAI,60.0,1.985122e+20,4.527332e+20,0.000,43.159924,0
2010.05.03_12:24:00_TAI,60.2,2.001915e+20,4.921281e+20,0.000,41.655457,0
2010.05.03_12:36:00_TAI,60.4,1.905038e+20,4.825787e+20,0.000,41.099899,0
2010.05.03_12:48:00_TAI,60.6,1.847254e+20,5.308082e+20,0.000,40.738800,0
2010.05.03_13:00:00_TAI,60.8,1.783186e+20,4.633550e+20,0.000,41.445168,0
2010.05.03_13:12:00_TAI,61.0,1.826725e+20,4.898093e+20,0.000,41.538132,0
2010.05.03_13:24:00_TAI,61.2,1.702767e+20,4.499281e+20,0.000,40.758560,0
2010.05.03_13:36:00_TAI,61.4,2.080803e+20,6.065127e+20,0.000,42.046108,0
2010.05.03_13:48:00_TAI,61.6,1.950534e+20,5.813624e+20,0.000,43.517784,0
2010.05.03_14:00:00_TAI,61.8,1.964646e+20,5.948558e+20,0.000,43.322834,0
2010.05.03_14:12:00_TAI,62.0,2.094377e+20,6.535971e+20,0.000,40.368374,0
2010.05.03_14:24:00_TAI,62.2,2.002370e+20,5.924262e+20,0.000,39.333546,0
2010.05.03_14:36:00_TAI,62.4,2.115441e+20,6.460910e+20,0.000,39.888233,0
2010.05.03_14:48:00_TAI,62.6,1.942917e+20,6.413476e+20,0.000,39.148651,0
2010.05.03_15:00:00_TAI,62.8,1.899615e+20,6.111768e+20,0.000,39.688240,0
2010.05.03_15:12:00_TAI,63.0,1.856513e+20,6.325019e+20,0.000,39.743248,0
2010.05.03_15:24:00_TAI,63.2,1.992573e+20,6.657648e+20,0.000,39.764637,0
2010.05.03_15:36:00_TAI,63.4,1.894332e+20,6.239214e+20,0.000,39.174587,0
2010.05.03_15:48:00_TAI,63.6,1.787563e+20,5.541282e+20,0.000,40.006496,0
2010.05.03_16:00:00_TAI,63.8,1.773087e+20,4.757253e+20,0.000,39.633923,0
2010.05.03_16:12:00_TAI,64.0,1.736451e+20,5.162481e+20,0.000,39.357548,0
2010.05.03_16:24:00_TAI,64.2,1.617288e+20,4.367354e+20,0.000,37.531883,0
2010.05.03_16:36:00_TAI,64.4,1.813645e+20,4.583030e+20,0.000,38.267944,0
2010.05.03_16:48:00_TAI,64.6,1.836929e+20,4.735174e+20,0.000,36.258614,0
2010.05.03_17:00:00_TAI,64.8,1.716359e+20,4.734056e+20,0.000,36.560234,0
2010.05.03_17:12:00_TAI,65.0,2.229543e+20,5.712615e+20,0.000,37.374924,0
2010.05.03_17:24:00_TAI,65.2,1.947452e+20,5.047501e+20,0.000,36.723370,0
2010.05.03_17:36:00_TAI,65.4,2.257010e+20,6.409793e+20,0.000,36.467258,0
2010.05.03_17:48:00_TAI,65.6,2.054924e+20,5.980559e+20,0.000,35.861084,0
2010.05.03_18:24:00_TAI,66.2,1.834680e+20,5.244319e+20,0.000,33.447701,0
2010.05.03_18:36:00_TAI,66.4,1.735056e+20,4.737998e+20,0.000,33.521832,0
2010.05.03_18:48:00_TAI,66.6,1.839367e+20,4.981075e+20,0.000,31.599493,0
2010.05.03_19:00:00_TAI,66.8,1.609027e+20,3.954005e+20,0.000,30.948111,0
2010.05.03_19:24:00_TAI,67.2,1.413472e+20,3.724370e+20,0.000,30.480267,0
2010.05.03_19:36:00_TAI,67.4,1.342806e+20,3.610311e+20,0.000,30.532234,0
2010.05.03_19:48:00_TAI,67.6,1.406422e+20,4.497471e+20,0.000,29.412483,0
2010.05.03_20:00:00_TAI,67.8,1.279387e+20,4.057685e+20,0.000,27.758999,0
2010.05.03_20:12:00_TAI,68.0,1.331512e+20,4.469228e+20,0.000,27.556225,0
2010.05.03_20:24:00_TAI,68.2,1.262872e+20,3.651824e+20,0.000,28.125978,0
2010.05.03_20:36:00_TAI,68.4,1.261260e+20,3.596550e+20,0.000,27.715273,0
2010.05.03_20:48:00_TAI,68.6,1.330333e+20,3.451224e+20,0.000,27.117189,0
2010.05.03_21:00:00_TAI,68.8,1.304538e+20,3.477846e+20,0.000,27.005672,0
2010.05.03_21:12:00_TAI,69.0,1.353246e+20,4.031685e+20,0.000,26.691313,0
2010.05.03_21:24:00_TAI,69.2,1.453721e+20,4.345277e+20,0.000,27.117918,0
2010.05.03_21:48:00_TAI,69.6,1.599141e+20,4.799231e+20,0.000,26.759594,0
2010.05.03_22:00:00_TAI,69.8,1.466143e+20,4.813773e+20,0.000,28.195387,0
2010.05.03_22:12:00_TAI,70.0,1.606607e+20,4.783927e+20,0.000,29.364388,0
2010.05.03_22:24:00_TAI,70.2,1.814650e+20,5.200766e+20,0.000,28.837017,0
2010.05.03_22:36:00_TAI,70.4,1.766905e+20,4.939068e+20,0.000,30.471848,0
2010.05.03_22:48:00_TAI,70.6,2.099353e+20,6.424578e+20,0.000,31.384403,0
2010.05.03_23:00:00_TAI,70.8,1.846539e+20,5.045828e+20,0.000,31.607487,0
2010.05.03_23:12:00_TAI,71.0,2.099140e+20,6.729377e+20,0.000,33.195862,0
2010.05.03_23:24:00_TAI,71.2,1.751023e+20,5.558334e+20,0.000,33.922386,0
2010.05.03_23:36:00_TAI,71.4,2.105427e+20,6.622773e+20,0.000,33.138962,0
2010.05.03_23:48:00_TAI,71.6,1.920565e+20,6.198173e+20,0.000,32.439152,0
2010.05.04_00:12:00_TAI,72.0,2.025402e+20,6.165869e+20,0.000,35.848881,0
2010.05.04_00:24:00_TAI,72.2,2.189519e+20,6.806941e+20,0.000,36.903259,0
2010.05.04_00:36:00_TAI,72.4,1.995934e+20,5.533121e+20,0.000,34.680843,0
2010.05.04_00:48:00_TAI,72.6,2.411774e+20,7.722242e+20,0.000,35.944294,0
2010.05.04_01:00:00_TAI,72.8,2.211452e+20,6.578943e+20,0.000,35.243504,0
2010.05.04_01:12:00_TAI,73.0,2.335157e+20,7.955645e+20,0.000,35.073078,0
2010.05.04_01:24:00_TAI,73.2,2.479233e+20,7.985425e+20,0.000,37.999516,0
2010.05.04_01:36:00_TAI,73.4,2.663634e+20,8.534086e+20,0.000,38.326977,0
2010.05.04_01:48:00_TAI,73.6,2.815469e+20,8.299454e+20,0.000,38.431778,0
2010.05.04_02:00:00_TAI,73.8,2.905605e+20,9.591607e+20,0.000,38.411327,0
2010.05.04_02:12:00_TAI,74.0,2.710889e+20,9.033656e+20,0.000,38.142994,0
2010.05.04_02:36:00_TAI,74.4,2.632190e+20,8.067367e+20,0.000,39.767509,0
2010.05.04_02:48:00_TAI,74.6,2.788810e+20,7.824728e+20,0.000,40.665310,0
2010.05.04_03:00:00_TAI,74.8,2.584470e+20,7.599435e+20,0.000,41.169472,0
2010.05.04_03:12:00_TAI,75.0,2.641252e+20,7.652114e+20,0.000,41.844383,0
2010.05.04_03:24:00_TAI,75.2,2.805813e+20,8.309312e+20,0.000,41.956482,0
2010.05.04_03:36:00_TAI,75.4,2.698668e+20,8.212778e+20,0.000,42.223553,0
2010.05.04_03:48:00_TAI,75.6,2.754112e+20,7.972470e+20,0.000,42.113594,0
2010.05.04_04:00:00_TAI,75.8,2.999727e+20,9.817115e+20,0.000,41.544289,0
2010.05.04_04:12:00_TAI,76.0,3.017448e+20,8.971453e+20,0.000,40.211536,0
2010.05.04_04:24:00_TAI,76.2,3.056462e+20,9.724224e+20,0.000,41.204742,0
2010.05.04_04:36:00_TAI,76.4,3.240995e+20,9.498913e+20,0.000,40.718140,0
2010.05.04_05:00:00_TAI,76.8,3.037859e+20,9.283922e+20,0.000,41.592793,0
2010.05.04_05:12:00_TAI,77.0,3.509388e+20,1.037151e+21,0.000,41.927612,0
2010.05.04_05:24:00_TAI,77.2,3.682401e+20,1.105640e+21,0.000,43.641621,0
2010.05.04_05:36:00_TAI,77.4,3.848269e+20,1.121413e+21,0.000,43.194389,0
2010.05.04_05:48:00_TAI,77.6,4.158710e+20,1.246761e+21,0.000,44.764984,0
2010.05.04_06:24:00_TAI,78.2,4.561323e+20,1.472918e+21,0.000,45.666885,0
2010.05.04_06:36:00_TAI,78.4,4.336598e+20,1.415994e+21,0.000,45.378693,0
2010.05.04_06:48:00_TAI,78.6,4.020385e+20,1.250308e+21,0.000,45.845024,0
2010.05.04_07:00:00_TAI,78.8,4.118278e+20,1.266628e+21,0.000,47.895863,0
2010.05.04_07:24:00_TAI,79.2,3.903612e+20,1.242257e+21,0.000,47.548473,0
2010.05.04_07:36:00_TAI,79.4,3.912550e+20,1.297707e+21,0.000,46.728622,0
2010.05.04_07:48:00_TAI,79.6,3.742668e+20,1.195924e+21,0.000,45.583488,0
2010.05.04_08:00:00_TAI,79.8,3.429101e+20,1.074149e+21,0.000,46.898811,0
2010.05.04_08:12:00_TAI,80.0,3.126643e+20,9.733579e+20,0.000,48.348999,0
2010.05.04_08:24:00_TAI,80.2,3.170527e+20,1.031189e+21,0.000,47.190823,0
2010.05.04_08:36:00_TAI,80.4,3.098688e+20,1.031845e+21,0.000,46.047115,0
2010.05.04_08:48:00_TAI,80.6,3.079409e+20,1.155466e+21,0.000,46.301235,0
2010.05.04_09:00:00_TAI,80.8,3.367535e+20,1.199059e+21,0.000,46.441086,0
2010.05.04_09:12:00_TAI,81.0,3.285136e+20,1.130913e+21,0.000,48.368916,0
2010.05.04_09:24:00_TAI,81.2,3.367601e+20,1.256218e+21,0.000,47.870823,0
2010.05.04_09:48:00_TAI,81.6,3.365339e+20,1.204399e+21,0.000,48.002857,0
2010.05.04_10:00:00_TAI,81.8,3.633853e+20,1.306575e+21,0.000,50.346523,0
2010.05.04_10:12:00_TAI,82.0,3.642340e+20,1.305935e+21,0.000,49.797901,0
2010.05.04_10:24:00_TAI,82.2,3.942351e+20,1.423507e+21,0.000,49.582500,0
2010.05.04_10:36:00_TAI,82.4,3.935215e+20,1.388810e+21,0.000,47.778191,0
2010.05.04_10:48:00_TAI,82.6,3.626417e+20,1.257796e+21,0.000,46.881847,0
2010.05.04_11:00:00_TAI,82.8,3.595720e+20,1.281120e+21,0.000,47.309128,0
2010.05.04_11:12:00_TAI,83.0,3.666307e+20,1.297823e+21,0.000,47.022888,0
2010.05.04_11:24:00_TAI,83.2,3.563567e+20,1.252238e+21,0.000,47.060017,0
2010.05.04_11:36:00_TAI,83.4,3.572291e+20,1.267834e+21,0.000,48.167648,0
2010.05.04_11:48:00_TAI,83.6,3.770024e+20,1.313564e+21,0.000,48.432209,0
2010.05.04_12:12:00_TAI,84.0,4.166367e+20,1.457281e+21,0.000,48.953217,0
2010.05.04_12:24:00_TAI,84.2,4.153993e+20,1.438004e+21,0.000,49.938732,0
2010.05.04_12:36:00_TAI,84.4,4.050742e+20,1.502929e+21,0.000,49.322964,0
2010.05.04_12:48:00_TAI,84.6,4.051753e+20,1.419391e+21,0.000,48.389355,0
2010.05.04_13:00:00_TAI,84.8,3.867423e+20,1.431309e+21,0.000,46.908386,0
2010.05.04_13:12:00_TAI,85.0,3.831381e+20,1.338381e+21,1.820,46.966469,0
2010.05.04_13:24:00_TAI,85.2,3.689657e+20,1.341057e+21,0.000,47.928394,0
2010.05.04_13:36:00_TAI,85.4,3.850155e+20,1.458404e+21,0.000,49.237350,0
2010.05.04_13:48:00_TAI,85.6,4.187187e+20,1.507976e+21,0.000,48.599529,0
2010.05.04_14:00:00_TAI,85.8,4.125087e+20,1.457736e+21,1.823,49.844563,0
2010.05.04_14:12:00_TAI,86.0,4.266608e+20,1.559281e+21,1.813,49.693409,0
2010.05.04_14:36:00_TAI,86.4,4.232710e+20,1.452025e+21,2.124,46.014412,0
2010.05.04_14:48:00_TAI,86.6,4.257182e+20,1.488682e+21,2.113,46.122120,0
2010.05.04_15:00:00_TAI,86.8,4.368503e+20,1.536651e+21,2.109,46.505264,0
2010.05.04_15:12:00_TAI,87.0,4.228571e+20,1.386119e+21,2.097,45.862007,0
2010.05.04_15:24:00_TAI,87.2,4.096618e+20,1.298656e+21,2.217,46.357155,0
2010.05.04_15:36:00_TAI,87.4,4.006399e+20,1.249855e+21,2.151,45.057003,0
2010.05.04_15:48:00_TAI,87.6,3.914700e+20,1.259083e+21,2.236,42.906696,0
2010.05.04_16:00:00_TAI,87.8,4.206226e+20,1.351975e+21,2.222,41.501419,0
2010.05.04_16:12:00_TAI,88.0,4.254003e+20,1.280094e+21,2.123,41.156551,0
2010.05.04_16:24:00_TAI,88.2,4.747832e+20,1.607948e+21,2.080,43.102734,0
2010.05.04_16:36:00_TAI,88.4,4.822425e+20,1.596018e+21,2.067,41.152885,0
2010.05.04_17:00:00_TAI,88.8,5.144237e+20,1.778262e+21,1.618,40.362976,0
2010.05.04_17:12:00_TAI,89.0,5.368296e+20,1.781336e+21,1.631,39.956047,0
2010.05.04_17:24:00_TAI,89.2,5.105235e+20,1.688853e+21,1.615,39.791069,0
2010.05.04_17:36:00_TAI,89.4,5.022176e+20,1.664210e+21,0.000,38.185966,0
2010.05.04_17:48:00_TAI,89.6,4.709778e+20,1.500080e+21,0.000,36.814632,0
2010.05.04_18:24:00_TAI,90.2,4.650981e+20,1.542577e+21,0.000,35.013638,0
2010.05.04_18:36:00_TAI,90.4,4.376413e+20,1.434450e+21,0.000,35.314663,0
2010.05.04_18:48:00_TAI,90.6,4.230070e+20,1.410756e+21,0.000,32.587513,0
2010.05.04_19:00:00_TAI,90.8,4.182598e+20,1.345105e+21,0.000,31.938538,0
2010.05.04_19:24:00_TAI,91.2,3.702237e+20,1.181808e+21,0.000,30.587488,0
2010.05.04_19:36:00_TAI,91.4,3.629091e+20,1.202407e+21,0.000,29.404833,0
2010.05.04_19:48:00_TAI,91.6,3.614038e+20,1.235266e+21,0.000,28.863348,0
2010.05.04_20:00:00_TAI,91.8,3.428303e+20,1.130049e+21,0.000,28.988937,0
2010.05.04_20:12:00_TAI,92.0,3.341457e+20,1.143551e+21,0.000,28.609859,0
2010.05.04_20:24:00_TAI,92.2,3.294738e+20,1.086629e+21,0.000,29.310402,0
2010.05.04_20:36:00_TAI,92.4,3.422593e+20,1.206044e+21,0.000,28.021420,0
2010.05.04_20:48:00_TAI,92.6,3.442470e+20,1.278649e+21,0.000,27.149414,0
2010.05.04_21:00:00_TAI,92.8,3.142586e+20,1.133261e+21,0.000,27.711226,0
2010.05.04_21:12:00_TAI,93.0,3.598935e+20,1.250395e+21,0.000,26.955076,0
2010.05.04_21:24:00_TAI,93.2,3.402982e+20,1.119567e+21,0.000,28.500504,0
2010.05.04_22:12:00_TAI,94.0,4.071609e+20,1.398227e+21,0.000,28.455441,0
2010.05.04_22:24:00_TAI,94.2,4.064868e+20,1.368376e+21,1.255,29.549376,0
2010.05.04_22:36:00_TAI,94.4,4.240425e+20,1.392857e+21,1.211,29.330860,0
2010.05.04_22:48:00_TAI,94.6,4.050999e+20,1.285706e+21,0.000,26.591867,0
2010.05.04_23:00:00_TAI,94.8,4.009299e+20,1.362179e+21,0.000,26.298334,0
2010.05.04_23:12:00_TAI,95.0,4.058107e+20,1.360588e+21,0.000,25.857656,0
2010.05.04_23:24:00_TAI,95.2,3.920710e+20,1.305238e+21,0.000,25.132500,0
2010.05.04_23:48:00_TAI,95.6,3.876959e+20,1.275712e+21,0.000,24.540596,0
2010.05.05_00:00:00_TAI,95.8,3.703777e+20,1.220645e+21,0.000,25.361872,0
2010.05.05_00:12:00_TAI,96.0,3.605498e+20,1.220905e+21,0.000,24.320995,0
2010.05.05_00:24:00_TAI,96.2,3.807698e+20,1.290084e+21,0.000,24.341385,0
2010.05.05_00:36:00_TAI,96.4,3.710623e+20,1.234275e+21,0.000,23.618628,0
2010.05.05_00:48:00_TAI,96.6,3.791004e+20,1.245111e+21,0.000,23.054031,0
2010.05.05_01:00:00_TAI,96.8,3.460858e+20,1.128302e+21,0.000,22.000870,0
2010.05.05_01:12:00_TAI,97.0,3.520520e+20,1.151139e+21,0.000,22.505791,0
2010.05.05_01:24:00_TAI,97.2,3.610046e+20,1.222988e+21,0.000,23.430984,0
2010.05.05_01:36:00_TAI,97.4,3.643137e+20,1.262894e+21,0.000,23.397766,0
2010.05.05_01:48:00_TAI,97.6,3.295277e+20,1.138769e+21,0.000,22.890177,0
2010.05.05_02:00:00_TAI,97.8,3.419008e+20,1.207351e+21,0.000,23.774605,0
2010.05.05_02:12:00_TAI,98.0,3.262745e+20,1.231123e+21,0.000,23.249968,0
2010.05.05_02:24:00_TAI,98.2,3.158090e+20,1.182395e+21,0.000,22.680140,0
2010.05.05_02:36:00_TAI,98.4,2.626609e+20,9.005190e+20,0.000,22.648321,0
2010.05.05_02:48:00_TAI,98.6,2.668446e+20,9.817815e+20,0.000,20.348421,0
2010.05.05_03:00:00_TAI,98.8,2.547716e+20,9.340576e+20,0.000,18.803175,0
2010.05.05_03:12:00_TAI,99.0,2.363819e+20,9.466446e+20,0.000,17.507624,0
2010.05.05_03:24:00_TAI,99.2,1.913162e+20,7.755813e+20,0.000,15.942762,0
2010.05.05_03:36:00_TAI,99.4,1.717730e+20,6.880682e+20,0.000,13.714193,0
2010.05.05_04:00:00_TAI,99.8,1.792015e+20,6.756541e+20,0.000,13.844016,0
2010.05.05_04:12:00_TAI,100.0,1.708900e+20,6.270403e+20,0.000,13.035800,0
2010.05.05_04:24:00_TAI,100.2,1.617817e+20,5.722752e+20,0.000,14.032322,0
2010.05.05_04:36:00_TAI,100.4,1.671148e+20,6.194081e+20,0.000,13.008867,0
2010.05.05_05:00:00_TAI,100.8,1.818590e+20,6.097419e+20,0.000,13.155446,0
2010.05.05_05:12:00_TAI,101.0,1.769549e+20,5.981412e+20,0.000,12.454752,0
2010.05.05_12:00:00_TAI,107.8,1.485725e+20,4.251937e+20,0.000,9.962355,0
